time, x1, y1, x1, x2, y2, z2, x3, y3, z3
0.000000, -0.238150, 0.047459, -0.258717, 12.124910, 14.255441, 6.011967, 11.956896, 14.285728, 13.864811
